"row_index","predicted_response"
1,-0.811871351124494
2,-0.724906019988978
3,-0.057837656182776
4,-0.927844058836899
5,-0.537117067548241
6,-0.823264054166657
7,-0.962307224663606
8,0.159891025947659
9,-0.743048687375923
10,-0.916218616125107
11,-0.660322095461897
12,-0.657265249721754
13,-0.486553169889154
14,-0.350381020990509
15,-1.06410892829921
16,-0.47271240150166
17,-1.19520863410306
18,-0.616359479907703
19,-0.249217520479823
20,-0.371795465975255
21,-0.607410122958487
22,-0.496932064590438
23,-1.01717321827384
24,-0.276950757767477
25,-0.730292123729312
26,-0.609236417908846
27,-0.97900770235722
28,-0.819058822873924
29,-0.447224454096948
30,-0.72463401594991
31,-0.847995470988469
32,-0.758165533268639
33,-0.717621022891534
34,-0.162524555403004
35,-0.422132125480005
36,-0.464685464891262
37,-0.685907151848688
38,-1.03301588192928
39,-0.524813617907757
40,-0.58897433975965
41,-0.950917242531057
42,-0.664517827546701
43,-0.518315518187171
44,-0.419627737502254
45,-0.823280837079197
46,-0.720847545067167
47,-0.567377217274525
48,-0.571752309006223
49,-0.270407418281065
50,-0.393584922310381
51,-0.676950511182939
52,-0.555367188241158
53,-0.344924484264042
54,-0.273077170023622
55,-1.06704474235236
56,-0.604646941520135
57,-0.669121489506342
58,-0.573372495438499
59,-0.825916657885424
60,-0.638338240763978
61,-0.636415140777357
62,-0.708303642610931
63,-0.604949620646864
64,-0.82417335427665
65,-0.706331482588796
66,-0.628138578698828
67,-0.843525132394765
68,-0.73496718523499
69,-0.355106383069448
70,-0.611833355122931
71,-0.923885685690481
72,-0.670088824716988
73,-0.8693182453411
74,-0.312883378116456
75,-1.1881697782393
76,-0.570607032246709
77,-0.807116167731777
78,-1.15522662741333
79,-0.445059894413107
80,-0.389533417191768
81,-0.674011066258812
82,-1.48970822376748
83,-1.02716811165579
84,-0.63574274060587
85,-0.440608700442351
86,-0.311116648232855
87,-0.829736922355215
88,-0.656754937181527
89,-0.518354659099814
90,-0.530578008836118
91,-0.701821335336912
92,-1.19423314803
93,-0.66965587683052
94,-0.76662320316355
95,-0.506701868735197
96,-0.610932928388293
97,-0.785206275386734
98,-0.932097497089422
99,-0.255279602750602
100,-0.504362131231031
101,-0.576103465565516
102,-0.401913426968986
103,-0.488980429657644
104,-0.715540450037564
105,-0.677075823471498
106,-0.62084558793132
107,-0.565453046848524
108,-0.267953093144099
109,-0.691998882615586
110,-0.502949923008266
111,-0.764501599505048
112,-0.719457596293362
113,-0.51951536274078
114,-0.551105035056879
115,-0.806403615382258
116,-0.993287837356924
117,-1.02188416578022
118,-0.799818010639333
119,-0.81331232404679
120,-0.696124990315102
121,-0.684719476754684
122,-0.652981746968762
123,-0.688772333492613
124,-0.395169288814468
125,-0.677507278677452
126,-0.611435698347751
127,-0.622033266473291
128,-0.613258510464696
129,-0.872966490956517
130,-0.161140893214176
131,-0.925669623152486
132,-0.913005857259006
133,-0.657732853469664
134,-0.795249756984931
135,-0.205429357460447
136,-0.776029328747069
137,-0.747661798542783
138,-0.512595713956621
139,-0.737764512213132
140,-0.801899064765235
141,-0.483370174690629
142,-0.735595204281582
143,-0.99262218708049
144,-0.665528844076272
145,-0.623033954097562
146,-0.864587170096912
147,-0.436708642630932
148,-0.843629262420039
149,-0.64156382640265
150,-0.837444574743301
151,-0.840813349901067
152,-0.672052824866687
153,-0.838607261384112
154,-0.518412294047778
155,-0.72560947399495
156,-0.86663968121426
157,-0.479748418268323
158,-0.628729722704618
159,-0.874028209220154
160,-0.730552217367366
161,-0.58976347548884
162,-0.531308210420343
163,-0.533468204600634
164,-0.878723170207094
165,-0.707556890362856
166,-0.654526932683427
167,-0.633583393886077
168,-0.414331212189704
169,-0.825967254872071
170,-0.573220724287548
171,-0.689088771361298
172,-0.391755346163737
173,-0.841221151158437
174,-0.770380914874843
175,-0.961272151784507
176,-0.866239083929173
177,-0.750154246988115
178,-0.36315528366931
179,-0.919318613562175
180,-0.344642593387981
181,-0.517646705013718
182,-0.619153847410677
183,-0.701316930553456
184,-0.623143820816458
185,-1.2436943816709
186,-0.621502615871912
187,-0.41505239522316
188,-0.8744162405275
189,-0.712959054684284
190,-0.580912805456071
191,-0.775465893634795
192,-0.635826250477998
193,-0.617846679483976
194,-1.09718195803722
195,-0.864559582856993
196,-0.835924209169706
197,-0.478179039537337
198,-0.897401672161481
199,-0.69096690111501
200,-0.700069930674426
